{
  "timestamp": "2026-07-18T05:14:32.079196+00:00",
  "accuracy": 0.6467681623931624,
  "features": 113,
  "train_bars": 25484,
  "test_bars": 14976,
  "trees": 200,
  "elapsed_sec": 13.1
}