{
  "timestamp": "2026-07-18T05:15:23.632634+00:00",
  "accuracy": 0.6086404914529915,
  "features": 113,
  "train_bars": 15458,
  "test_bars": 14976,
  "trees": 200,
  "elapsed_sec": 13.3
}