{
  "timestamp": "2026-07-18T05:16:31.215975+00:00",
  "accuracy": 0.6243322649572649,
  "features": 113,
  "train_bars": 22072,
  "test_bars": 14976,
  "trees": 200,
  "elapsed_sec": 14.0
}