{
  "timestamp": "2026-07-18T05:16:44.068924+00:00",
  "accuracy": 0.5596287393162394,
  "features": 113,
  "train_bars": 33294,
  "test_bars": 14976,
  "trees": 200,
  "elapsed_sec": 12.8
}