{
  "timestamp": "2026-07-18T05:17:51.344691+00:00",
  "accuracy": 0.601295405982906,
  "features": 113,
  "train_bars": 34114,
  "test_bars": 14976,
  "trees": 200,
  "elapsed_sec": 13.1
}