{
  "timestamp": "2026-07-18T05:16:04.233390+00:00",
  "accuracy": 0.5663728632478633,
  "features": 113,
  "train_bars": 496,
  "test_bars": 14976,
  "trees": 200,
  "elapsed_sec": 14.3
}