{
  "timestamp": "2026-07-18T05:18:15.539118+00:00",
  "accuracy": 0.6396901709401709,
  "features": 113,
  "train_bars": 19291,
  "test_bars": 14976,
  "trees": 200,
  "elapsed_sec": 13.7
}