{
  "timestamp": "2026-07-18T05:18:28.752014+00:00",
  "accuracy": 0.6222622863247863,
  "features": 113,
  "train_bars": 33261,
  "test_bars": 14976,
  "trees": 200,
  "elapsed_sec": 13.2
}