{
  "timestamp": "2026-07-18T05:19:05.790002+00:00",
  "accuracy": 0.5772569444444444,
  "features": 113,
  "train_bars": 34219,
  "test_bars": 14976,
  "trees": 200,
  "elapsed_sec": 12.4
}