{
  "timestamp": "2026-07-18T05:19:18.165780+00:00",
  "accuracy": 0.6236645299145299,
  "features": 113,
  "train_bars": 16867,
  "test_bars": 14976,
  "trees": 200,
  "elapsed_sec": 12.4
}