{
  "timestamp": "2026-07-18T05:19:31.851102+00:00",
  "accuracy": 0.5825988247863247,
  "features": 113,
  "train_bars": 36250,
  "test_bars": 14976,
  "trees": 200,
  "elapsed_sec": 13.7
}