{
  "timestamp": "2026-07-18T05:20:09.038041+00:00",
  "accuracy": 0.5761885683760684,
  "features": 113,
  "train_bars": 12891,
  "test_bars": 14976,
  "trees": 200,
  "elapsed_sec": 12.8
}